Cell_Ids,Vector_size,OR_count_per_cell_zfpkm,Fire_score,Cell_type,Molecular_subtype,Pathological_stage,MBases,MBytes,Immunohistochemistry,patient_id,patient_age,Platform,source_name,read_count,base_count,Seurat_cluster,Mean_OR_TPM,OR_count_TPM_cutoff_2,OR_count_TPM_cutoff_4,OR_count_TPM_cutoff_5,OR_count_TPM_cutoff_6,OR_count_TPM_cutoff_10,OR_count_TPM_cutoff_15,OR_count_TPM_cutoff_20,Cell_staus,State,Stemness,Differentiation
SRR2973279,0.0591857949,38,1001.775024,primary breast cancer,Luminal A,pT1N0 (IA),818,523,estrogen receptor positive (ER+),BC01,66,ILLUMINA,BC01_Single-cell RNA-seq,4053912,818890224,6,1.262755604,6,4,3,1,1,1,1,Stemness,Low_Stemness,-0.300697819646204,-0.271808518276692
SRR2973280,0.7445765271,15,1011.024109,primary breast cancer,Luminal A,pT1N0 (IA),1051,673,estrogen receptor positive (ER+),BC01,66,ILLUMINA,BC01_Single-cell RNA-seq,5207382,1051891164,6,2.69496117,7,2,2,2,2,2,2,Differentiation,Low_Differentiation,-0.418937913424738,-0.208272137966354
SRR2973284,0.5904022834,22,978.3203735,primary breast cancer,Luminal A,pT1N0 (IA),983,565,estrogen receptor positive (ER+),BC01,66,ILLUMINA,BC01_Single-cell RNA-seq,4915803,983160600,6,1.682205434,6,4,4,4,1,1,1,Differentiation,Low_Differentiation,-0.297074637773526,-0.0373324634594448
SRR2973287,0.5823010459,5,958.6011353,primary breast cancer,Luminal A,pT1N0 (IA),1321,844,estrogen receptor positive (ER+),BC01,66,ILLUMINA,BC01_Single-cell RNA-seq,6542481,1321581162,6,0.4153102075,4,1,1,1,0,0,0,Differentiation,High_Differentiation,-0.169790476627583,-0.0874410005889736
SRR2973288,1.297015612,29,988.4779663,primary breast cancer,Luminal A,pT1N0 (IA),948,543,estrogen receptor positive (ER+),BC01,66,ILLUMINA,BC01_Single-cell RNA-seq,4743330,948666000,6,1.781044302,13,5,3,3,2,2,1,Differentiation,High_Differentiation,-0.33168015383526,-0.218532409574391
SRR2973289,0.4343127593,25,995.4587402,primary breast cancer,Luminal A,pT1N0 (IA),1039,664,estrogen receptor positive (ER+),BC01,66,ILLUMINA,BC01_Single-cell RNA-seq,5146519,1039596838,6,2.01078783,11,5,3,3,2,2,1,Differentiation,Moderate_Differentiation,-0.380146598764362,-0.193023728735877
SRR2973290,0.5429593856,28,984.1322021,primary breast cancer,Luminal A,pT1N0 (IA),1457,879,estrogen receptor positive (ER+),BC01,66,ILLUMINA,BC01_Single-cell RNA-seq,7289838,1457967600,6,6.054491698,9,4,2,2,1,1,1,Differentiation,High_Differentiation,-0.193347444526695,-0.141397515185162
SRR2973292,0.676867308,11,962.6390991,primary breast cancer,Luminal A,pT1N0 (IA),1044,593,estrogen receptor positive (ER+),BC01,66,ILLUMINA,BC01_Single-cell RNA-seq,5220444,1044088800,6,1.389538491,9,2,2,2,2,1,1,Differentiation,High_Differentiation,-0.316142144218616,-0.254220124615166
SRR2973293,0.4566309164,10,916.8414307,primary breast cancer,Luminal A,pT1N0 (IA),886,562,estrogen receptor positive (ER+),BC01,66,ILLUMINA,BC01_Single-cell RNA-seq,4387160,886206320,6,2.197699755,6,3,2,2,2,2,1,Stemness,Low_Stemness,-0.203066165652723,-0.183227811515765
SRR2973294,0.8541710259,14,1012.36615,primary breast cancer,Luminal A,pT1N0 (IA),1009,573,estrogen receptor positive (ER+),BC01,66,ILLUMINA,BC01_Single-cell RNA-seq,5045147,1009029400,6,0.7822740943,5,4,3,1,0,0,0,Differentiation,Low_Differentiation,-0.266544984160391,0.00708087702516286
SRR2973295,0.3922097013,16,945.6821289,primary breast cancer,Luminal A,pT1N0 (IA),808,467,estrogen receptor positive (ER+),BC01,66,ILLUMINA,BC01_Single-cell RNA-seq,4044509,808901800,6,1.345335321,6,3,3,2,1,1,1,Differentiation,Moderate_Differentiation,-0.33811109895127,-0.209764500487328
SRR2973297,0.3956731044,21,962.0147095,primary breast cancer,Luminal A,pT1N0 (IA),1044,593,estrogen receptor positive (ER+),BC01,66,ILLUMINA,BC01_Single-cell RNA-seq,5224775,1044955000,6,1.062580792,7,3,3,2,1,0,0,Stemness,Low_Stemness,-0.181015668359187,-0.178426224592279
SRR2973298,1.053986714,13,945.9971924,primary breast cancer,Luminal A,pT1N0 (IA),1054,601,estrogen receptor positive (ER+),BC01,66,ILLUMINA,BC01_Single-cell RNA-seq,5272497,1054499400,6,1.06459617,5,3,2,2,2,1,1,Differentiation,Moderate_Differentiation,-0.336572000504239,-0.199382467948731
SRR2973299,0.624481415,19,1000.697021,primary breast cancer,Luminal A,pT1N0 (IA),952,541,estrogen receptor positive (ER+),BC01,66,ILLUMINA,BC01_Single-cell RNA-seq,4764672,952934400,6,2.144369057,11,6,5,4,2,2,2,Stemness,Low_Stemness,-0.204406583007,-0.159057307957451
SRR5023386,0.3031721543,47,1005.649414,primary breast cancer,Luminal A,pT3N1 (IIIA),1186,511,estrogen receptor positive (ER+),BC02,72,ILLUMINA,BC02_Single-cell RNA-seq,5933901,1186780200,1,4.156377264,16,8,5,4,3,1,1,Stemness,Moderate_Stemness,0.241153123261622,0.132067810987273
SRR5023387,0.5066486567,44,1006.369324,primary breast cancer,Luminal A,pT3N1 (IIIA),1278,552,estrogen receptor positive (ER+),BC02,72,ILLUMINA,BC02_Single-cell RNA-seq,6394677,1278935400,1,4.154437736,15,12,10,9,5,4,2,Differentiation,Low_Differentiation,0.0156313516978629,0.276825276733356
SRR5023388,0.6829685186,41,937.5452881,primary breast cancer,Luminal A,pT3N1 (IIIA),1133,493,estrogen receptor positive (ER+),BC02,72,ILLUMINA,BC02_Single-cell RNA-seq,5666724,1133344800,1,2.145221472,19,9,8,5,3,0,0,Stemness,Low_Stemness,-0.0527415046382933,-0.0403392912807926
SRR5023389,0.9691514384,50,1004.089111,primary breast cancer,Luminal A,pT3N1 (IIIA),1065,460,estrogen receptor positive (ER+),BC02,72,ILLUMINA,BC02_Single-cell RNA-seq,5329939,1065987800,1,3.032395396,26,15,8,7,2,1,0,Stemness,Moderate_Stemness,0.11843951375566,0.0757643182491642
SRR5023390,0.5065066647,47,989.3096924,primary breast cancer,Luminal A,pT3N1 (IIIA),971,422,estrogen receptor positive (ER+),BC02,72,ILLUMINA,BC02_Single-cell RNA-seq,4856743,971348600,1,2.105459,13,7,5,4,1,1,1,Stemness,Moderate_Stemness,-0.0333220896027525,-0.0763218934522422
SRR5023391,0.5814640823,43,985.4810181,primary breast cancer,Luminal A,pT3N1 (IIIA),1022,444,estrogen receptor positive (ER+),BC02,72,ILLUMINA,BC02_Single-cell RNA-seq,5113668,1022733600,1,1.353116472,12,5,4,2,1,0,0,Differentiation,High_Differentiation,0.0294178270250239,0.11341546458228
SRR5023392,0.6866071743,45,1009.190918,primary breast cancer,Luminal A,pT3N1 (IIIA),1164,504,estrogen receptor positive (ER+),BC02,72,ILLUMINA,BC02_Single-cell RNA-seq,5821159,1164231800,1,2.524795226,18,10,8,8,3,1,1,Differentiation,Moderate_Differentiation,-0.0807995062591329,0.117213474222329
SRR5023393,0.3864966728,48,1000.838379,primary breast cancer,Luminal A,pT3N1 (IIIA),1119,494,estrogen receptor positive (ER+),BC02,72,ILLUMINA,BC02_Single-cell RNA-seq,5596516,1119303200,1,3.535033377,21,11,8,7,3,1,1,Stemness,High_Stemness,0.0530772052825616,-0.135423876512312
SRR5023394,0.6389402901,27,1005.377136,primary breast cancer,Luminal A,pT3N1 (IIIA),1505,646,estrogen receptor positive (ER+),BC02,72,ILLUMINA,BC02_Single-cell RNA-seq,7525503,1505100600,1,0.4634990566,4,2,1,1,0,0,0,Differentiation,Moderate_Differentiation,-0.0713338063711997,0.0673235724865465
SRR5023395,0.3327054039,50,1027.119141,primary breast cancer,Luminal A,pT3N1 (IIIA),1029,447,estrogen receptor positive (ER+),BC02,72,ILLUMINA,BC02_Single-cell RNA-seq,5147720,1029544000,1,3.902730887,19,13,10,8,6,4,4,Stemness,Low_Stemness,0.11496674167032,0.0917927865893593
SRR5023396,0.5257147454,44,1043.943237,primary breast cancer,Luminal A,pT3N1 (IIIA),918,395,estrogen receptor positive (ER+),BC02,72,ILLUMINA,BC02_Single-cell RNA-seq,4590953,918190600,1,5.338857358,13,11,10,9,4,2,1,Stemness,Moderate_Stemness,0.0999417996882501,0.0206250219219068
SRR5023397,0.0181825401,35,991.0392456,primary breast cancer,Luminal A,pT3N1 (IIIA),1133,489,estrogen receptor positive (ER+),BC02,72,ILLUMINA,BC02_Single-cell RNA-seq,5666845,1133369000,1,9.936629943,16,11,9,8,7,5,4,Stemness,Moderate_Stemness,-0.155494366240257,-0.21585638663499
SRR5023398,0.9170144396,48,1078.807251,primary breast cancer,Luminal A,pT3N1 (IIIA),1268,550,estrogen receptor positive (ER+),BC02,72,ILLUMINA,BC02_Single-cell RNA-seq,6343237,1268647400,1,5.192682906,27,17,13,12,7,5,3,Stemness,Moderate_Stemness,0.115038468686808,0.0749376193364207
SRR5023399,0.7183185283,49,990.5325317,primary breast cancer,Luminal A,pT3N1 (IIIA),1416,608,estrogen receptor positive (ER+),BC02,72,ILLUMINA,BC02_Single-cell RNA-seq,7084763,1416952600,1,5.141005585,26,22,21,18,8,6,3,Differentiation,Moderate_Differentiation,-0.0659107521657908,0.0623140501084151
SRR5023400,0.4874620459,47,1001.498413,primary breast cancer,Luminal A,pT3N1 (IIIA),1235,539,estrogen receptor positive (ER+),BC02,72,ILLUMINA,BC02_Single-cell RNA-seq,6178182,1235636400,1,2.220803962,11,5,5,4,2,1,1,Stemness,Low_Stemness,-0.0750384847690019,-0.0593318122493955
SRR5023402,0.2399707867,48,1021.398438,primary breast cancer,Luminal A,pT3N1 (IIIA),1173,510,estrogen receptor positive (ER+),BC02,72,ILLUMINA,BC02_Single-cell RNA-seq,5867524,1173504800,1,4.558048453,24,13,8,6,2,2,2,Differentiation,Low_Differentiation,-0.0520571023315869,0.211515241299914
SRR5023403,0.5111669122,32,1009.318054,primary breast cancer,Luminal A,pT3N1 (IIIA),1083,471,estrogen receptor positive (ER+),BC02,72,ILLUMINA,BC02_Single-cell RNA-seq,5415688,1083137600,1,1.639626075,10,5,4,4,4,2,0,Stemness,Low_Stemness,-0.143716458940296,-0.139335131728883
SRR5023405,0.3626928012,48,1051.522705,primary breast cancer,Luminal A,pT3N1 (IIIA),1143,494,estrogen receptor positive (ER+),BC02,72,ILLUMINA,BC02_Single-cell RNA-seq,5719986,1143997200,1,3.406396604,20,12,11,11,6,3,1,Differentiation,Low_Differentiation,0.0010347728625181,0.208839292477085
SRR5023406,0.5400306963,44,1018.724792,primary breast cancer,Luminal A,pT3N1 (IIIA),930,405,estrogen receptor positive (ER+),BC02,72,ILLUMINA,BC02_Single-cell RNA-seq,4653886,930777200,1,2.642164811,10,5,4,4,2,2,2,Stemness,Moderate_Stemness,-0.0404887779280111,-0.152141048642685
SRR5023407,0.6730625739,17,989.9075928,primary breast cancer,Luminal A,pT3N1 (IIIA),873,380,estrogen receptor positive (ER+),BC02,72,ILLUMINA,BC02_Single-cell RNA-seq,4365728,873145600,1,1.687739566,4,2,2,2,2,1,1,Stemness,Low_Stemness,-0.0561387650750763,-0.048522905931928
SRR5023408,0.5822642965,45,1011.605652,primary breast cancer,Luminal A,pT3N1 (IIIA),1000,433,estrogen receptor positive (ER+),BC02,72,ILLUMINA,BC02_Single-cell RNA-seq,5004554,1000910800,1,1.918187472,14,10,5,4,1,1,1,Stemness,High_Stemness,-0.0383993141824801,-0.176680664379071
SRR5023409,0.947111043,45,950.1378174,primary breast cancer,Luminal A,pT3N1 (IIIA),1239,531,estrogen receptor positive (ER+),BC02,72,ILLUMINA,BC02_Single-cell RNA-seq,6198067,1239613400,1,2.268365906,18,9,8,6,1,1,1,Stemness,Moderate_Stemness,-0.0658691938587308,-0.120659042854081
SRR5023411,0.4737908883,46,1025.481689,primary breast cancer,Luminal A,pT3N1 (IIIA),936,403,estrogen receptor positive (ER+),BC02,72,ILLUMINA,BC02_Single-cell RNA-seq,4681019,936203800,1,1.874967943,13,6,5,5,1,1,1,Differentiation,Moderate_Differentiation,-0.146309801913201,0.012469878658686
SRR5023412,0.6060421238,42,972.0828247,primary breast cancer,Luminal A,pT3N1 (IIIA),1116,483,estrogen receptor positive (ER+),BC02,72,ILLUMINA,BC02_Single-cell RNA-seq,5580669,1116133800,1,4.897772226,13,6,6,6,2,2,2,Differentiation,Moderate_Differentiation,0.0146105035460023,0.180211141974811
SRR5023414,0.9856213473,41,1009.360413,primary breast cancer,Luminal A,pT3N1 (IIIA),914,395,estrogen receptor positive (ER+),BC02,72,ILLUMINA,BC02_Single-cell RNA-seq,4571612,914322400,1,3.154832038,16,9,7,6,4,4,2,Stemness,Moderate_Stemness,-0.0595766464134795,-0.118820291849911
SRR5023415,0.3015482796,29,1092.515381,primary breast cancer,Luminal A,pT3N1 (IIIA),938,406,estrogen receptor positive (ER+),BC02,72,ILLUMINA,BC02_Single-cell RNA-seq,4691576,938315200,1,1.564337943,11,6,5,4,2,1,1,Differentiation,Low_Differentiation,-0.228485960635853,0.154462825941063
SRR5023416,0.3498597288,32,984.8265381,primary breast cancer,Luminal A,pT3N1 (IIIA),1200,515,estrogen receptor positive (ER+),BC02,72,ILLUMINA,BC02_Single-cell RNA-seq,6003733,1200746600,1,1.982048396,10,8,8,7,4,1,0,Stemness,Moderate_Stemness,0.126607794835057,0.0488244169364355
SRR5023417,0.9178788435,32,1033.355713,primary breast cancer,Luminal A,pT3N1 (IIIA),1225,524,estrogen receptor positive (ER+),BC02,72,ILLUMINA,BC02_Single-cell RNA-seq,6125331,1225066200,1,2.203877698,10,7,5,3,3,2,2,Stemness,Low_Stemness,-0.117945022491225,-0.112956053779304
SRR5023418,0.5775501815,37,1004.580017,primary breast cancer,Luminal A,pT3N1 (IIIA),992,428,estrogen receptor positive (ER+),BC02,72,ILLUMINA,BC02_Single-cell RNA-seq,4962192,992438400,1,5.58864483,11,7,6,4,2,1,1,Differentiation,High_Differentiation,-0.0797662410690915,-0.00619289668091907
SRR5023419,0.6558856645,34,932.1082153,primary breast cancer,Luminal A,pT3N1 (IIIA),1397,603,estrogen receptor positive (ER+),BC02,72,ILLUMINA,BC02_Single-cell RNA-seq,6985177,1397035400,1,1.177685151,10,5,4,2,1,0,0,Differentiation,Moderate_Differentiation,-0.22359245366205,-0.0945600915918582
SRR5023420,0.252917003,49,987.3711548,primary breast cancer,Luminal A,pT3N1 (IIIA),984,429,estrogen receptor positive (ER+),BC02,72,ILLUMINA,BC02_Single-cell RNA-seq,4923329,984665800,1,4.228366358,16,9,7,5,3,3,1,Stemness,Low_Stemness,0.0800748270246166,0.061429019226144
SRR5023421,0.0753933931,51,953.8601685,primary breast cancer,Luminal A,pT3N1 (IIIA),1418,612,estrogen receptor positive (ER+),BC02,72,ILLUMINA,BC02_Single-cell RNA-seq,7091401,1418280200,1,3.106094755,19,10,9,8,2,2,1,Stemness,Moderate_Stemness,0.1297893917626,0.090101472135734
SRR5023422,0.736473801,47,1030.153931,primary breast cancer,Luminal A,pT3N1 (IIIA),1428,617,estrogen receptor positive (ER+),BC02,72,ILLUMINA,BC02_Single-cell RNA-seq,7143513,1428702600,1,2.484076547,21,13,6,5,1,1,1,Stemness,High_Stemness,0.0705420990511204,-0.0965974244119079
SRR5023423,0.2304300601,35,979.7625732,primary breast cancer,Luminal A,pT3N1 (IIIA),1294,557,estrogen receptor positive (ER+),BC02,72,ILLUMINA,BC02_Single-cell RNA-seq,6472599,1294519800,1,1.023866962,9,5,5,2,0,0,0,Stemness,High_Stemness,0.132043672202881,-0.0259302082760162
SRR5023424,0.8342785307,45,1017.816101,primary breast cancer,Luminal A,pT3N1 (IIIA),1155,498,estrogen receptor positive (ER+),BC02,72,ILLUMINA,BC02_Single-cell RNA-seq,5779801,1155960200,1,1.800391491,13,10,5,3,1,0,0,Stemness,Low_Stemness,0.0435302511643067,0.0853074302994439
SRR5023425,0.3094947242,48,961.8169556,primary breast cancer,Luminal A,pT3N1 (IIIA),1172,506,estrogen receptor positive (ER+),BC02,72,ILLUMINA,BC02_Single-cell RNA-seq,5860607,1172121400,1,2.046605566,20,12,8,3,0,0,0,Stemness,Low_Stemness,-0.0889389721574793,-0.100921741213337
SRR5023426,0.3255467823,49,1000.786499,primary breast cancer,Luminal A,pT3N1 (IIIA),1255,543,estrogen receptor positive (ER+),BC02,72,ILLUMINA,BC02_Single-cell RNA-seq,6279330,1255866000,1,2.459066528,21,13,8,6,2,1,0,Stemness,Moderate_Stemness,0.0402557810355537,-0.0216898736309102
SRR5023427,0.328014168,52,981.3486938,primary breast cancer,Luminal A,pT3N1 (IIIA),1202,515,estrogen receptor positive (ER+),BC02,72,ILLUMINA,BC02_Single-cell RNA-seq,6012002,1202400400,1,4.013252302,22,16,15,13,7,3,2,Differentiation,High_Differentiation,-0.0274742433002321,0.052938117966943
SRR5023428,0.8397336119,41,993.2164917,primary breast cancer,Luminal A,pT3N1 (IIIA),1321,570,estrogen receptor positive (ER+),BC02,72,ILLUMINA,BC02_Single-cell RNA-seq,6609004,1321800800,1,2.698842434,15,11,8,6,5,2,1,Stemness,High_Stemness,0.122548977603492,-0.0923954202015492
SRR5023429,1.08335451,34,987.6224365,primary breast cancer,Luminal A,pT3N1 (IIIA),1360,586,estrogen receptor positive (ER+),BC02,72,ILLUMINA,BC02_Single-cell RNA-seq,6802084,1360416800,1,1.12003417,7,4,1,1,1,1,1,Stemness,Low_Stemness,0.0442778502008215,0.0910836368207084
SRR5023431,0.3489620087,41,967.9918823,primary breast cancer,Luminal A,pT3N1 (IIIA),989,428,estrogen receptor positive (ER+),BC02,72,ILLUMINA,BC02_Single-cell RNA-seq,4946607,989321400,1,2.72307217,11,7,4,3,1,1,1,Differentiation,Low_Differentiation,-0.10538354432026,0.227435853922591
SRR5023432,0.6808267097,51,1050.751709,primary breast cancer,Luminal A,pT3N1 (IIIA),1280,550,estrogen receptor positive (ER+),BC02,72,ILLUMINA,BC02_Single-cell RNA-seq,6401365,1280273000,1,7.876948943,29,19,15,12,7,3,3,Differentiation,High_Differentiation,-0.0517847169576802,0.0176206823449074
SRR5023433,1.13427182,49,1024.498657,primary breast cancer,Luminal A,pT3N1 (IIIA),1126,483,estrogen receptor positive (ER+),BC02,72,ILLUMINA,BC02_Single-cell RNA-seq,5634914,1126982800,1,4.860666075,20,13,12,11,8,4,4,Stemness,Low_Stemness,-0.0231976965615758,-0.0038663848481135
SRR5023434,0.2596902573,35,1043.780518,primary breast cancer,Luminal A,pT3N1 (IIIA),1132,489,estrogen receptor positive (ER+),BC02,72,ILLUMINA,BC02_Single-cell RNA-seq,5661003,1132200600,1,3.015584887,17,12,10,7,3,1,1,Stemness,Moderate_Stemness,0.0580084557236259,-0.0219484917394554
SRR5023435,0.6150772581,34,971.6243286,primary breast cancer,Luminal A,pT3N1 (IIIA),1148,499,estrogen receptor positive (ER+),BC02,72,ILLUMINA,BC02_Single-cell RNA-seq,5740603,1148120600,1,0.9536371321,9,4,1,1,0,0,0,Differentiation,Low_Differentiation,-0.26723640202504,-0.027047518040126
SRR5023436,0.4394048445,34,973.9430542,primary breast cancer,Luminal A,pT3N1 (IIIA),871,379,estrogen receptor positive (ER+),BC02,72,ILLUMINA,BC02_Single-cell RNA-seq,4355359,871071800,1,1.147200981,5,2,2,2,1,1,1,Stemness,Moderate_Stemness,-0.15152018751666,-0.201123274178851
SRR5023437,0.1874825946,48,1027.203857,primary breast cancer,Luminal A,pT3N1 (IIIA),985,430,estrogen receptor positive (ER+),BC02,72,ILLUMINA,BC02_Single-cell RNA-seq,4929777,985955400,1,3.536559811,24,12,10,10,5,3,1,Differentiation,High_Differentiation,0.0621700036233067,0.137766066026515
SRR5023438,0.7143343358,44,965.9692993,primary breast cancer,Luminal A,pT3N1 (IIIA),1874,803,estrogen receptor positive (ER+),BC02,72,ILLUMINA,BC02_Single-cell RNA-seq,9373450,1874690000,1,5.243386962,17,10,8,6,1,1,1,Differentiation,High_Differentiation,0.0129800824384374,0.109109546302833
SRR5023439,0.4521579177,35,1011.193115,primary breast cancer,Luminal A,pT3N1 (IIIA),1130,488,estrogen receptor positive (ER+),BC02,72,ILLUMINA,BC02_Single-cell RNA-seq,5652881,1130576200,1,1.355108642,6,5,3,1,1,1,1,Differentiation,Low_Differentiation,-0.137159708817789,0.0681697721673119
SRR5023440,0.1459734182,45,975.6499023,primary breast cancer,Luminal A,pT3N1 (IIIA),1189,515,estrogen receptor positive (ER+),BC02,72,ILLUMINA,BC02_Single-cell RNA-seq,5948590,1189718000,1,1.918120566,15,8,8,7,2,0,0,Differentiation,Low_Differentiation,-0.0691338279307868,0.250797182538524
SRR5023441,0.7416670763,34,1034.765259,primary breast cancer,Luminal A,pT3N1 (IIIA),940,406,estrogen receptor positive (ER+),BC02,72,ILLUMINA,BC02_Single-cell RNA-seq,4702813,940562600,1,2.054601264,9,5,5,3,3,2,2,Differentiation,Moderate_Differentiation,-0.0682415866252036,0.109091867821487
